date,heure_debut,durée,plateforme,série,genre
2023-12-24,17:15,66,Prime Video,Outer Banks,Aventure
2023-09-15,20:00,89,Prime Video,The Expanse,Science-fiction
2023-07-29,08:00,108,Prime Video,The Office,Comédie
2023-11-05,21:15,118,Prime Video,American Horror Story,Horreur
2023-02-04,09:00,45,Disney+,This Is Us,Drame
2023-05-01,23:30,46,Disney+,You,Thriller
2023-08-31,16:45,81,Disney+,The Office,Comédie
2023-09-13,13:30,78,Disney+,Modern Family,Comédie
2023-07-30,13:30,26,Disney+,Extraction,Action
2023-01-11,00:15,77,Disney+,Breaking Bad,Drame
2023-11-14,01:30,84,Netflix,Marianne,Horreur
2023-07-08,13:15,41,Disney+,WandaVision,Fantastique
2023-07-17,17:30,75,Netflix,The Punisher,Action
2023-03-26,14:45,98,Netflix,The Witcher,Fantastique
2023-02-06,03:15,71,Prime Video,You,Thriller
2023-07-23,07:30,44,Disney+,The Mandalorian,Aventure
2023-12-31,19:00,60,Prime Video,The Mandalorian,Aventure
2023-07-23,11:30,84,Prime Video,Modern Family,Comédie
2023-03-03,16:30,37,Disney+,Mindhunter,Thriller
2023-01-22,13:45,63,Netflix,Loki,Science-fiction
2023-01-09,18:45,31,Prime Video,American Horror Story,Horreur
2023-09-08,03:15,31,Netflix,Brooklyn Nine-Nine,Comédie
2023-09-01,11:30,91,Prime Video,Outer Banks,Aventure
2023-02-18,12:15,93,Prime Video,American Horror Story,Horreur
2023-01-21,13:15,83,Disney+,Jack Ryan,Action
2023-12-16,21:00,45,Disney+,The Office,Comédie
2023-01-21,12:15,108,Prime Video,Shadow and Bone,Fantastique
2023-02-22,09:00,94,Prime Video,The Mandalorian,Aventure
2023-03-23,18:45,117,Disney+,American Horror Story,Horreur
2023-03-11,00:15,88,Prime Video,The Punisher,Action
2023-12-22,22:00,54,Prime Video,WandaVision,Fantastique
2023-11-18,07:45,36,Prime Video,Extraction,Action
2023-06-02,18:45,37,Prime Video,Shadow and Bone,Fantastique
2023-12-22,11:15,120,Netflix,Modern Family,Comédie
2023-02-08,14:15,97,Prime Video,Jack Ryan,Action
2023-08-21,00:00,56,Prime Video,Ozark,Thriller
2023-03-08,00:45,52,Netflix,Brooklyn Nine-Nine,Comédie
2023-05-06,13:00,56,Disney+,Brooklyn Nine-Nine,Comédie
2023-01-30,20:45,106,Netflix,You,Thriller
2023-09-06,08:00,50,Prime Video,Outer Banks,Aventure
2023-06-09,23:00,45,Prime Video,The Expanse,Science-fiction
2023-12-14,12:45,53,Disney+,The Expanse,Science-fiction
2023-04-16,14:00,39,Prime Video,Breaking Bad,Drame
2023-02-08,20:45,92,Disney+,American Horror Story,Horreur
2023-02-12,16:30,97,Disney+,The Expanse,Science-fiction
2023-06-14,21:00,29,Prime Video,The Office,Comédie
2023-06-26,23:45,44,Prime Video,Extraction,Action
2023-01-11,03:00,41,Prime Video,Ozark,Thriller
2023-06-09,02:45,112,Netflix,Modern Family,Comédie
2023-12-14,16:00,115,Disney+,Jack Ryan,Action
2023-04-25,00:00,116,Netflix,You,Thriller
2023-07-16,15:30,91,Netflix,The Expanse,Science-fiction
2023-06-09,18:00,54,Prime Video,Extraction,Action
2023-06-08,14:30,40,Prime Video,Brooklyn Nine-Nine,Comédie
2023-01-01,20:15,111,Netflix,WandaVision,Fantastique
2023-01-17,19:45,87,Prime Video,Breaking Bad,Drame
2023-10-24,09:15,55,Prime Video,Loki,Science-fiction
2023-01-01,18:45,42,Disney+,Mindhunter,Thriller
2023-07-11,22:30,60,Disney+,You,Thriller
2023-01-05,05:15,25,Disney+,This Is Us,Drame
2023-05-23,17:30,48,Prime Video,The Punisher,Action
2023-03-02,16:15,58,Disney+,Brooklyn Nine-Nine,Comédie
2023-09-11,22:30,72,Disney+,Stranger Things,Science-fiction
2023-10-09,17:45,82,Prime Video,Outer Banks,Aventure
2023-02-22,16:15,84,Prime Video,Jack Ryan,Action
2023-03-17,08:00,31,Prime Video,WandaVision,Fantastique
2023-02-06,03:00,75,Disney+,Extraction,Action
2023-07-02,19:00,106,Disney+,American Horror Story,Horreur
2023-09-08,22:30,70,Prime Video,The Mandalorian,Aventure
2023-03-18,07:30,94,Netflix,Loki,Science-fiction
2023-01-14,18:45,36,Prime Video,Shadow and Bone,Fantastique
2023-07-18,21:45,51,Netflix,Outer Banks,Aventure
2023-05-03,15:45,120,Netflix,Breaking Bad,Drame
2023-03-29,11:45,33,Prime Video,Extraction,Action
2023-05-02,16:30,21,Prime Video,The Haunting,Horreur
2023-05-12,19:30,103,Disney+,American Horror Story,Horreur
2023-08-29,18:45,46,Netflix,Modern Family,Comédie
2023-02-08,13:30,109,Netflix,Outer Banks,Aventure
2023-01-14,13:30,94,Netflix,The Witcher,Fantastique
2023-08-15,16:30,44,Disney+,Extraction,Action
2023-10-01,04:00,100,Prime Video,Outer Banks,Aventure
2023-11-24,21:15,74,Prime Video,Extraction,Action
2023-04-21,20:45,78,Netflix,Extraction,Action
2023-09-28,03:15,107,Netflix,Jack Ryan,Action
2023-08-02,09:45,67,Prime Video,The Punisher,Action
2023-04-12,07:15,90,Prime Video,Outer Banks,Aventure
2023-11-17,19:00,20,Disney+,This Is Us,Drame
2023-05-14,01:00,48,Disney+,The Mandalorian,Aventure
2023-02-09,23:15,62,Disney+,Brooklyn Nine-Nine,Comédie
2023-05-27,05:15,96,Prime Video,Mindhunter,Thriller
2023-07-09,05:15,92,Prime Video,Lost,Aventure
2023-05-19,17:30,102,Disney+,The Expanse,Science-fiction
2023-01-04,08:30,21,Disney+,Lost,Aventure
2023-02-14,22:30,45,Disney+,Modern Family,Comédie
2023-02-24,04:15,26,Prime Video,Extraction,Action
2023-02-02,18:45,35,Netflix,Stranger Things,Science-fiction
2023-09-11,13:15,42,Netflix,Marianne,Horreur
2023-09-21,15:15,63,Prime Video,Extraction,Action
2023-06-01,02:15,63,Disney+,Shadow and Bone,Fantastique
2023-12-22,01:30,64,Netflix,This Is Us,Drame
2023-10-27,15:30,66,Disney+,Mindhunter,Thriller
2023-09-18,23:15,34,Disney+,Stranger Things,Science-fiction
2023-03-30,00:45,58,Netflix,The Crown,Drame
2023-03-15,23:30,84,Netflix,Stranger Things,Science-fiction
2023-11-30,16:45,31,Netflix,Stranger Things,Science-fiction
2023-12-30,13:30,30,Netflix,The Expanse,Science-fiction
2023-06-17,02:30,68,Disney+,Extraction,Action
2023-08-19,06:45,46,Netflix,This Is Us,Drame
2023-05-07,15:45,94,Prime Video,Lost,Aventure
2023-03-19,01:30,25,Netflix,American Horror Story,Horreur
2023-10-04,07:45,55,Prime Video,The Office,Comédie
2023-09-02,06:00,119,Netflix,Loki,Science-fiction
2023-03-25,00:15,100,Netflix,Lost,Aventure
2023-09-10,08:30,104,Prime Video,Outer Banks,Aventure
2023-12-15,19:15,32,Disney+,Modern Family,Comédie
2023-05-01,12:45,28,Disney+,Lost,Aventure
2023-05-13,07:00,106,Prime Video,Brooklyn Nine-Nine,Comédie
2023-05-12,19:00,77,Disney+,Mindhunter,Thriller
2023-02-12,04:30,65,Disney+,Breaking Bad,Drame
2023-01-22,04:45,56,Disney+,Loki,Science-fiction
2023-04-07,02:30,63,Disney+,Stranger Things,Science-fiction
2023-07-18,09:15,66,Disney+,Breaking Bad,Drame
2023-12-22,04:15,114,Disney+,Outer Banks,Aventure
2023-12-22,16:15,86,Prime Video,Extraction,Action
2023-06-23,06:30,35,Prime Video,The Haunting,Horreur
2023-04-30,13:15,94,Netflix,Loki,Science-fiction
2023-06-13,15:30,64,Disney+,Brooklyn Nine-Nine,Comédie
2023-08-23,15:15,73,Prime Video,The Witcher,Fantastique
2023-10-09,22:30,110,Prime Video,The Punisher,Action
2023-04-28,05:45,108,Netflix,Mindhunter,Thriller
2023-01-21,19:30,84,Netflix,Outer Banks,Aventure
2023-08-12,19:00,115,Netflix,Extraction,Action
2023-06-13,12:30,49,Prime Video,The Punisher,Action
2023-08-18,09:45,21,Prime Video,WandaVision,Fantastique
2023-01-10,05:15,73,Disney+,The Witcher,Fantastique
2023-05-14,09:45,119,Netflix,The Office,Comédie
2023-09-19,21:15,99,Disney+,The Expanse,Science-fiction
2023-12-26,11:45,64,Netflix,Mindhunter,Thriller
2023-08-30,06:45,104,Prime Video,Outer Banks,Aventure
2023-09-07,02:00,38,Prime Video,Outer Banks,Aventure
2023-09-11,15:45,49,Prime Video,Outer Banks,Aventure
2023-10-30,08:45,73,Prime Video,The Witcher,Fantastique
2023-08-14,19:15,65,Prime Video,Lost,Aventure
2023-03-02,15:00,106,Disney+,The Expanse,Science-fiction
2023-01-18,13:00,57,Prime Video,Marianne,Horreur
2023-01-13,14:45,65,Netflix,Modern Family,Comédie
2023-05-31,15:15,100,Netflix,Lost,Aventure
2023-05-13,21:30,97,Prime Video,The Mandalorian,Aventure
2023-09-20,03:30,37,Prime Video,Lost,Aventure
2023-10-29,23:30,75,Prime Video,Modern Family,Comédie
